station_id,peak_destinations,dark_from_hour,dark_from,half_reach_from,curve,station_name
JR5,8,19.0,19:00,19:30,"[7, 8, 6, 5, 3, 3, 0, 0, 0, 0, 0, 0]",Road No 5 Jubilee Hills
YUG,13,21.2,21:12,20:45,"[13, 13, 12, 10, 8, 6, 1, 0, 0, 0, 0, 0]",Yusufguda
MAD,6,21.25,21:15,21:45,"[5, 6, 5, 6, 4, 6, 2, 2, 1, 0, 0, 0]",Madhapur
JCP,15,21.4,21:24,19:55,"[15, 12, 11, 13, 7, 7, 2, 2, 1, 0, 0, 0]",Jubilee Hills Checkpost
PED,12,21.666666666666668,21:40,21:30,"[12, 12, 10, 12, 9, 9, 3, 2, 1, 0, 0, 0]",Peddamma Gudi
DGC,13,21.714285714285715,21:43,21:30,"[10, 9, 10, 13, 8, 10, 3, 1, 0, 0, 0, 0]",Durgam Cheruvu
RDG,18,21.88888888888889,21:53,21:27,"[12, 17, 18, 17, 11, 13, 4, 0, 0, 0, 0, 0]",Raidurg
NEM,31,21.90909090909091,21:55,20:56,"[26, 31, 23, 23, 22, 15, 4, 3, 3, 0, 0, 0]",New Market
MSB,34,21.923076923076923,21:55,21:00,"[29, 34, 26, 27, 24, 17, 4, 2, 2, 0, 0, 0]",Musarambagh
CDP,26,22.2,22:12,21:00,"[26, 18, 25, 25, 22, 13, 6, 1, 0, 0, 0, 1]",Chikkadpally
NAR,21,22.25,22:15,21:21,"[21, 18, 21, 20, 20, 13, 6, 2, 0, 0, 0, 1]",Narayanaguda
VOM,32,22.333333333333332,22:20,21:11,"[27, 32, 27, 25, 23, 18, 7, 1, 2, 1, 0, 0]",Victoria Memorial
DSN,41,22.333333333333332,22:20,20:57,"[38, 41, 36, 33, 31, 20, 6, 3, 2, 0, 0, 0]",Dilsukh Nagar
GNH,23,22.375,22:22,21:25,"[20, 19, 23, 22, 18, 14, 8, 0, 0, 0, 0, 0]",Gandhi Hospital
MSH,24,22.375,22:22,21:26,"[23, 22, 23, 24, 20, 15, 8, 0, 0, 0, 0, 1]",Musheerabad
CHP,38,22.4,22:24,21:05,"[34, 38, 34, 29, 30, 20, 7, 2, 2, 1, 0, 0]",Chaitanyapuri
HTC,25,22.428571428571427,22:26,21:35,"[16, 22, 23, 25, 16, 19, 8, 1, 0, 0, 0, 0]",HITEC City
RTC,28,22.428571428571427,22:26,21:27,"[27, 25, 28, 28, 25, 19, 8, 1, 0, 0, 0, 1]",RTC Cross Roads
BTN,22,22.666666666666668,22:40,21:48,"[19, 19, 22, 21, 23, 19, 9, 3, 0, 0, 0, 0]",Bharat Nagar
MYP,32,22.7,22:42,21:12,"[24, 31, 32, 29, 27, 17, 12, 2, 0, 0, 0, 0]",Miyapur
ERA,32,22.75,22:45,21:10,"[32, 25, 24, 27, 25, 17, 11, 3, 0, 0, 0, 0]",Erragadda
PRN,25,22.75,22:45,20:50,"[25, 20, 16, 17, 15, 12, 8, 4, 0, 0, 0, 0]",Prakash Nagar
BEG,23,22.8,22:48,21:10,"[23, 22, 18, 17, 16, 12, 9, 4, 0, 0, 0, 0]",Begumpet
MGB,37,22.833333333333332,22:50,21:25,"[37, 33, 32, 28, 28, 21, 15, 3, 1, 1, 0, 0]",Mahatma Gandhi Bus Station
JNT,32,22.846153846153847,22:51,22:00,"[26, 32, 31, 32, 31, 23, 16, 3, 0, 0, 0, 0]",JNTU College
IRM,40,22.857142857142858,22:51,21:26,"[38, 37, 40, 40, 31, 27, 11, 4, 0, 0, 0, 0]",Erra Manzil
KHA,37,22.857142857142858,22:51,21:30,"[36, 33, 37, 37, 30, 26, 11, 4, 0, 0, 0, 0]",Khairatabad
GAB,40,22.88888888888889,22:53,21:18,"[40, 38, 36, 35, 33, 23, 13, 4, 1, 0, 0, 2]",Gandhi Bhavan
AME,33,23.0,23:00,21:41,"[30, 31, 33, 27, 30, 28, 11, 5, 0, 0, 0, 0]",Ameerpet
LBN,32,23.0,23:00,21:20,"[32, 30, 25, 22, 26, 20, 8, 5, 2, 1, 0, 0]",L. B. Nagar
NAM,41,23.0,23:00,21:19,"[34, 41, 33, 32, 32, 24, 13, 5, 2, 0, 0, 2]",Nampally
KPH,43,23.0,23:00,21:17,"[36, 43, 40, 39, 36, 24, 15, 5, 0, 1, 0, 0]",KPHB Colony
NGR,30,23.166666666666668,23:10,20:55,"[28, 30, 26, 25, 25, 14, 9, 6, 0, 0, 0, 0]",NGRI
STD,32,23.166666666666668,23:10,20:49,"[32, 24, 23, 23, 25, 14, 8, 6, 0, 0, 0, 0]",Stadium
PUN,58,23.166666666666668,23:10,21:27,"[58, 53, 56, 57, 45, 37, 19, 6, 0, 0, 0, 0]",Panjagutta
ROP,27,23.166666666666668,23:10,21:05,"[27, 21, 18, 18, 15, 14, 8, 6, 0, 0, 0, 0]",Rasoolpura
SRN,53,23.285714285714285,23:17,21:30,"[53, 45, 52, 53, 44, 38, 15, 7, 0, 0, 0, 0]",S. R. Nagar
BLR,32,23.285714285714285,23:17,21:35,"[29, 25, 32, 31, 31, 23, 11, 7, 0, 1, 0, 0]",Balanagar
NAG,24,23.285714285714285,23:17,20:51,"[24, 12, 14, 12, 18, 11, 8, 7, 0, 0, 0, 0]",Nagole
MUN,54,23.285714285714285,23:17,21:31,"[54, 47, 51, 52, 45, 39, 16, 7, 0, 0, 0, 0]",Madhura Nagar
ESI,50,23.285714285714285,23:17,21:33,"[50, 45, 49, 49, 43, 37, 15, 7, 0, 0, 0, 0]",ESI Hospital
PAR,56,23.333333333333332,23:20,21:33,"[56, 47, 47, 45, 38, 39, 19, 7, 1, 2, 0, 0]",Paradise
ASM,46,23.333333333333332,23:20,21:55,"[44, 46, 43, 43, 41, 33, 22, 6, 3, 1, 0, 1]",Assembly
MKL,57,23.333333333333332,23:20,21:32,"[54, 57, 55, 48, 49, 38, 20, 6, 3, 0, 0, 1]",Malakpet
KUK,42,23.375,23:22,21:37,"[39, 42, 40, 42, 40, 29, 16, 8, 0, 1, 0, 0]",Kukatpally
MSP,51,23.444444444444443,23:27,21:42,"[49, 47, 51, 49, 53, 38, 20, 9, 0, 1, 0, 0]",Moosapet
JBS,95,23.5,23:30,21:29,"[95, 88, 88, 90, 73, 63, 31, 6, 4, 0, 1, 2]",JBS Parade Ground
HSG,43,23.5,23:30,21:21,"[43, 40, 33, 33, 30, 25, 15, 10, 0, 0, 0, 0]",Habsiguda
PRG,95,23.5,23:30,21:29,"[95, 88, 88, 90, 73, 63, 31, 6, 4, 0, 1, 2]",Parade Ground
TAR,59,23.555555555555557,23:33,21:14,"[59, 45, 43, 40, 37, 33, 18, 10, 1, 0, 1, 0]",Tarnaka
MET,47,23.571428571428573,23:34,21:24,"[47, 42, 42, 39, 36, 29, 15, 9, 2, 0, 0, 1]",Mettuguda
SCR,94,23.666666666666668,23:40,21:28,"[94, 83, 86, 88, 79, 65, 27, 7, 4, 1, 1, 0]",Secunderabad West
UPL,66,23.666666666666668,23:40,20:50,"[66, 52, 55, 49, 53, 29, 16, 11, 2, 0, 0, 0]",Uppal
LKP,75,23.75,23:45,21:18,"[75, 73, 70, 71, 62, 43, 25, 8, 4, 0, 0, 0]",Lakdi-ka-pul
SEC_E,130,23.8,23:48,21:29,"[130, 114, 122, 122, 106, 90, 39, 9, 4, 1, 1, 2]",Secunderabad East
SUB,65,24.2,00:12,21:36,"[65, 62, 65, 60, 61, 44, 25, 8, 6, 1, 0, 2]",Sultan Bazar
OMC,76,24.4,00:24,21:40,"[75, 72, 76, 65, 61, 46, 34, 11, 7, 2, 0, 2]",Osmania Medical College
